,name,stars,watching,forks,issues,language,created,updated,url
1,clients-scanner,4,2,0,1,Python,2020-05-26,2024-02-26,https://github.com/streanger/clients-scanner
2,tkinter-fonts-viewer,3,2,0,0,Python,2020-05-31,2023-02-19,https://github.com/streanger/tkinter-fonts-viewer
3,abuseipdb-wrapper,2,3,1,2,Python,2021-11-15,2023-06-29,https://github.com/streanger/abuseipdb-wrapper
4,interactive-grid,2,2,0,0,Python,2020-09-01,2024-02-05,https://github.com/streanger/interactive-grid
5,fancy-mermaid,1,2,0,1,Python,2022-03-15,2024-01-17,https://github.com/streanger/fancy-mermaid
6,jupyter-notebooks,1,2,0,0,HTML,2022-02-02,2022-08-16,https://github.com/streanger/jupyter-notebooks
7,unsplash-get,1,2,0,0,Python,2020-06-11,2023-02-19,https://github.com/streanger/unsplash-get
8,person-generator,1,1,0,0,Python,2017-10-01,2022-08-19,https://github.com/streanger/person-generator
9,image-to-ascii,0,2,0,1,Python,2022-01-29,2023-02-19,https://github.com/streanger/image-to-ascii
10,pastebin,0,2,0,0,Python,2022-06-27,2023-02-19,https://github.com/streanger/pastebin
11,snippets,0,2,0,0,Python,2022-05-22,2023-02-19,https://github.com/streanger/snippets
12,namecheck,0,2,0,0,Python,2022-04-10,2023-02-18,https://github.com/streanger/namecheck
13,nltk-process,0,2,0,0,,2022-03-13,2022-03-13,https://github.com/streanger/nltk-process
14,console-wrapper,0,2,0,0,Python,2022-03-10,2023-02-19,https://github.com/streanger/console-wrapper
15,sigma-to-elastic-rules,0,2,0,0,Python,2021-11-24,2023-02-19,https://github.com/streanger/sigma-to-elastic-rules
16,malicious-malware,0,2,0,0,Python,2021-11-16,2022-08-16,https://github.com/streanger/malicious-malware
17,tic-tac-toe,0,2,0,0,Python,2021-08-24,2023-02-19,https://github.com/streanger/tic-tac-toe
18,browser-tools,0,2,0,0,HTML,2021-06-14,2022-08-16,https://github.com/streanger/browser-tools
19,domains-checker,0,2,0,0,Python,2021-06-08,2022-08-16,https://github.com/streanger/domains-checker
20,metadefender-api-wrapper,0,2,0,0,Python,2021-06-07,2022-08-16,https://github.com/streanger/metadefender-api-wrapper
21,pandas-cmap,0,2,0,0,HTML,2021-04-25,2022-08-19,https://github.com/streanger/pandas-cmap
22,pyasciiart,0,2,0,0,Python,2021-04-12,2022-07-01,https://github.com/streanger/pyasciiart
23,raspberry-scripts,0,2,0,0,Python,2021-01-25,2023-02-19,https://github.com/streanger/raspberry-scripts
24,life-in-weeks,0,2,0,0,HTML,2020-10-06,2022-08-19,https://github.com/streanger/life-in-weeks
25,vision-stuff,0,2,0,0,Python,2020-06-03,2022-08-19,https://github.com/streanger/vision-stuff
26,tools,0,2,0,0,Python,2020-05-09,2020-09-12,https://github.com/streanger/tools
27,happy-couple,0,2,0,0,Python,2019-07-29,2022-08-19,https://github.com/streanger/happy-couple
28,image-analysis,0,2,0,0,Python,2018-04-12,2023-02-19,https://github.com/streanger/image-analysis
29,win32api-examples,0,1,1,0,Python,2019-07-15,2023-02-19,https://github.com/streanger/win32api-examples
30,microcontrollers,0,1,1,0,C,2017-03-02,2019-03-04,https://github.com/streanger/microcontrollers
31,chat,0,1,0,1,Python,2023-11-27,2023-11-27,https://github.com/streanger/chat
32,sets-matcher,0,1,0,0,Python,2023-09-21,2023-09-21,https://github.com/streanger/sets-matcher
33,scrapers,0,1,0,0,Python,2023-07-24,2023-07-24,https://github.com/streanger/scrapers
34,github-stats,0,1,0,0,HTML,2023-07-09,2023-07-10,https://github.com/streanger/github-stats
35,data-acquisition-python-course,0,1,0,0,Python,2023-05-16,2023-05-16,https://github.com/streanger/data-acquisition-python-course
36,green-land,0,1,0,0,Python,2022-12-20,2022-12-20,https://github.com/streanger/green-land
37,duplicate,0,1,0,0,Python,2022-11-01,2023-09-08,https://github.com/streanger/duplicate
38,ctf-stuff,0,1,0,0,Python,2019-07-21,2023-02-19,https://github.com/streanger/ctf-stuff
39,python-midi,0,1,0,0,Python,2019-06-23,2023-02-19,https://github.com/streanger/python-midi
40,pastoke,0,1,0,0,Python,2019-05-26,2019-05-30,https://github.com/streanger/pastoke
41,juster,0,1,0,0,Python,2019-05-21,2019-06-09,https://github.com/streanger/juster
42,network-scanners-and-tools,0,1,0,0,Python,2019-04-01,2022-08-19,https://github.com/streanger/network-scanners-and-tools
43,live-to-die,0,1,0,0,JavaScript,2019-02-01,2022-08-16,https://github.com/streanger/live-to-die
44,windows-cmd,0,1,0,0,Python,2019-01-08,2024-02-06,https://github.com/streanger/windows-cmd
45,cpp-stuff,0,1,0,0,Python,2018-11-10,2022-08-19,https://github.com/streanger/cpp-stuff
46,for-fun,0,1,0,0,Python,2018-07-16,2024-02-06,https://github.com/streanger/for-fun
47,crack-archive,0,1,0,0,Python,2018-06-30,2022-08-19,https://github.com/streanger/crack-archive
48,parsing-files,0,1,0,0,Python,2018-03-22,2023-07-19,https://github.com/streanger/parsing-files
49,email-crawler,0,1,0,0,Python,2018-03-19,2022-08-19,https://github.com/streanger/email-crawler
50,tipts,0,1,0,0,Python,2017-10-03,2023-02-19,https://github.com/streanger/tipts
51,raspberry-project,0,1,0,0,Python,2017-07-20,2023-07-10,https://github.com/streanger/raspberry-project
